<?xml version="1.0" encoding="UTF-8"?>
<DATA>
	<HEAD>
		
		<TAXNO>91511000671418192F</TAXNO>
		
		<DATE>20161224</DATE>
		
		<SN>4146</SN>
		
		<TYPE>21</TYPE>
		
		<TOTAL>5</TOTAL>
		
	</HEAD>
	<BODY>
		
		<INV>
			<NO>1</NO>
			
			<FPDM>5100161130</FPDM>
			
			<FPHM>08354696</FPHM>
			
			<RZSKSSQ>201612</RZSKSSQ>
		</INV>
		<INV>
			<NO>2</NO>
			
			<FPDM>5100161130</FPDM>
			
			<FPHM>08354700</FPHM>
			
			<RZSKSSQ>201612</RZSKSSQ>
		</INV>
		<INV>
			<NO>3</NO>
			
			<FPDM>5100161130</FPDM>
			
			<FPHM>08354697</FPHM>
			
			<RZSKSSQ>201612</RZSKSSQ>
		</INV>
		<INV>
			<NO>4</NO>
			
			<FPDM>5100161130</FPDM>
			
			<FPHM>08354698</FPHM>
			
			<RZSKSSQ>201612</RZSKSSQ>
		</INV>
		<INV>
			<NO>5</NO>
			
			<FPDM>5100161130</FPDM>
			
			<FPHM>08354699</FPHM>
			
			<RZSKSSQ>201612</RZSKSSQ>
		</INV>
	</BODY>
</DATA>
